dataset,method,insample_bacc,cv_bacc,insample_mcc,cv_mcc,cv_threshold_mean,cv_threshold_sd
CAID2 Disorder-PDB,AlphaFold-disorder,0.8599525403501562,0.8609444155219352,0.7518085143595626,0.7451910534142971,0.2880924,0.03576510801102102
CAID2 Disorder-PDB,AlphaFold-rsa,0.885558562077717,0.8802124461202956,0.7864172860161942,0.7833905772111815,0.5467000000000001,0.02126993182875767
CAID2 Disorder-PDB,AIUPred,0.8228818076347754,0.8228913206560865,0.6906865204535869,0.6873011602370295,0.6735999999999999,0.018374982993189386
CAID2 Disorder-PDB,IUPred3,0.7990963928110699,0.8003291931329861,0.6501824613341868,0.6482278473728633,0.5055,0.010336827366266703
CAID2 Disorder-PDB,ESpritz-D,0.8193950676609234,0.8124953993913702,0.6251286853722247,0.6167967188521453,0.2623,0.01815516455447321
CAID2 Disorder-PDB,ESpritz-N,0.7797954329572571,0.7806159920323642,0.5864250385230173,0.584078984092599,0.3694,0.01400856880626997
CAID2 Disorder-PDB,ESpritz-X,0.7900981463703749,0.7873404303159555,0.6061984864708794,0.6007619142335234,0.0755,0.01129822994986383
CAID2 Disorder-PDB,MobiDB-lite,0.8068921123120021,0.8068921123120021,0.6320599592822318,0.6320599592822318,0.25,0.0
CAID2 Disorder-PDB,flDPnn,0.8015028705150314,0.7973785892872958,0.6117159265790623,0.595000224521186,0.1587,0.02859038299848395
CAID2 Disorder-PDB,flDPnn2,0.8165508290592991,0.8116460618306521,0.6295271926217538,0.6209976922675481,0.19690000000000002,0.013201893803541977
CAID2 Disorder-PDB,DISOPRED3-diso,0.8342723729452488,0.8314639662791998,0.703123725372706,0.6996997144239646,0.422,0.040693979898751606
CAID2 Disorder-PDB,SETH-0,0.8705572331881454,0.8700509275715915,0.7717571782727558,0.7703127401051739,0.41819999999999996,0.009484724561103509
CAID2 Disorder-PDB,SETH-1,0.8499907550674393,0.8462180205398706,0.7198693368314594,0.7132784558428691,0.4306,0.02897999309868793
CAID2 Disorder-PDB,VSL2,0.8174887783695133,0.8138844134240772,0.6532267955611228,0.6502051547916101,0.6519000000000001,0.023235533133543568
CAID2 Disorder-PDB,SPOT-Disorder,0.8740905452443164,0.8707097955396845,0.7606586642381583,0.7576781538938481,0.4095,0.039291856662672486
CAID2 Disorder-PDB,SPOT-Disorder2,0.8778513690397531,0.876295148466335,0.7866804843735857,0.7839291917057324,0.4131,0.028588284313683467
CAID2 Disorder-PDB,SPOT-Disorder-Single,0.8418985886485204,0.8442726752597847,0.7141122206697731,0.7116359204152841,0.1771,0.016537533068750006
CAID2 Disorder-PDB,DisEMBL-dis465,0.7211323379537906,0.7178359497278641,0.4635349382536073,0.4603259418222671,0.41689999999999994,0.01278632081562168
CAID2 Disorder-PDB,DisEMBL-disHL,0.6524929319584161,0.6388203603432034,0.27824526451159964,0.25667346647936096,0.078,0.02284731931759172
CAID2 Disorder-PDB,IsUnstruct,0.8060349322818219,0.8030828763416736,0.6331996078729137,0.6259129995237561,0.5967999999999999,0.04755165612257893
CAID2 Disorder-PDB,RONN,0.7726522987296112,0.7724385274917271,0.5880956019533362,0.586147255645134,0.559,0.009433981132056575
CAID2 Disorder-PDB,PreDisorder,0.80149498746697,0.8044721791097765,0.6476343099848036,0.6407212203784051,0.5566000000000001,0.01803441155125387
CAID2 Disorder-PDB,OPAL,0.6562086134517326,0.6509817039195283,0.2852273073076963,0.27558409996109146,0.5012,0.005929586832149443
CAID2 Disorder-PDB,pyHCA,0.8054541222921616,0.8029470586578424,0.646590390758886,0.6453889398171652,0.2541,0.004657252408878011
CAID2 Disorder-PDB,DeepIDP-2L,0.8512788186770857,0.8458985098100987,0.7066622315577891,0.6962808161274219,0.422,0.050641879901915175
CAID2 Disorder-PDB,PredIDR-long,0.8868186558355635,0.8828942728087483,0.7843408480002102,0.7809084970039932,0.5641999999999999,0.020663010429267045
CAID2 Disorder-PDB,PredIDR-short,0.8761905902007987,0.8774255143478423,0.7670879862580012,0.7640638153417327,0.5786999999999999,0.027459242524148376
CAID2 Disorder-PDB,AUCpred-profile,0.8494021402487398,0.8469570287005922,0.7145093475827252,0.7103540367067738,0.1643,0.07421866342100213
CAID2 Disorder-PDB,AUCpred-no-profile,0.8090771519639244,0.8017349037902453,0.6341293471644516,0.6269762733099749,0.0871,0.02792651070219837
CAID2 Disorder-PDB,DisoPred,0.8312877558158087,0.8348967166251164,0.6920638726658999,0.6833402337783304,0.43550000000000005,0.029880595710259857
CAID2 Disorder-PDB,Dispredict2,0.6155457662397759,0.6025260286899274,0.22667337275570507,0.18967346655235118,0.3352662,0.09758123468146937
CAID2 Disorder-PDB,Dispredict3,0.8136405716176267,0.8044293100827329,0.6086047925747673,0.5962405976713908,0.041499999999999995,0.01290929897399545
CAID2 Disorder-PDB,IDP-Fusion,0.8672386355245054,0.8623918341500709,0.7467792866903533,0.7412641963670095,0.5321324000000001,0.024104748889793474
CAID2 Disorder-PDB,rawMSA,0.8343198240982039,0.8225652333344506,0.6939026696090863,0.6841142618717712,0.5064,0.03635436700040315
CAID2 Disorder-PDB,metapredict,0.8641376360338979,0.8646433740265216,0.7630191993846588,0.7628451564854218,0.497,0.006000000000000005
CAID2 Disorder-PDB,disomine,0.7962849371119458,0.7960594491409871,0.607865550806677,0.599512897124423,0.26890000000000003,0.031335124062304265
CAID2 Disorder-PDB,s2D,0.7117162419226849,0.7113328247429272,0.396821517182217,0.3945422641724215,0.5383000000000001,0.012578155667664489
CAID2 Disorder-NOX,AlphaFold-disorder,0.7025582612818978,0.6987089518315217,0.3615033313248814,0.35423969578915343,0.217,0.03259140991120206
CAID2 Disorder-NOX,AlphaFold-rsa,0.7131360660453845,0.7034536423634388,0.3789838949216166,0.3621171812076229,0.5445999999999999,0.04502488200983983
CAID2 Disorder-NOX,AIUPred,0.7023312191638507,0.6990394400305044,0.3606992785141801,0.3544179845092896,0.6485105,0.04687499858399999
CAID2 Disorder-NOX,IUPred3,0.6920596219063954,0.6898039830987652,0.3464615368293147,0.3426049830436779,0.5112,0.020960916010518263
CAID2 Disorder-NOX,ESpritz-D,0.7065701450325341,0.676213936276512,0.36866142818151987,0.3204664108007641,0.35059999999999997,0.07611465036377688
CAID2 Disorder-NOX,ESpritz-N,0.6637271010389241,0.6615409049961749,0.2927832316641554,0.2874981346638646,0.2819,0.034051284850942116
CAID2 Disorder-NOX,ESpritz-X,0.6673246687532414,0.6587771185710225,0.299650534204111,0.28270430832127574,0.0688,0.03167270117940685
CAID2 Disorder-NOX,MobiDB-lite,0.6872653362443479,0.6848158229046717,0.3343084873181304,0.32859643880207456,0.1875,0.0625
CAID2 Disorder-NOX,flDPnn,0.7055583434895807,0.6766004917433941,0.3661811157776821,0.3169253466272305,0.1851,0.10613807045542142
CAID2 Disorder-NOX,flDPnn2,0.716995572165642,0.70089319147728,0.3879485402820288,0.35988589338929244,0.2062,0.04684613111026352
CAID2 Disorder-NOX,DISOPRED3-diso,0.6813244297963519,0.6750899505882132,0.32246891004006767,0.31132479859204565,0.366,0.10209799214480172
CAID2 Disorder-NOX,SETH-0,0.7216407875004159,0.7201560394933375,0.3946971896513303,0.3921042562026493,0.3485,0.020284230328015893
CAID2 Disorder-NOX,SETH-1,0.7106401758359073,0.708358870236114,0.3746463620344324,0.3706183647707039,0.36110000000000003,0.030405427147139383
CAID2 Disorder-NOX,VSL2,0.681919674393126,0.6786729653208408,0.32380179589070823,0.317674708388687,0.6224,0.032059943855222234
CAID2 Disorder-NOX,SPOT-Disorder,0.7086850699654036,0.6986111468224466,0.3712948318324972,0.3531229999929212,0.48541730000000005,0.10133900262786288
CAID2 Disorder-NOX,SPOT-Disorder2,0.733663052655013,0.73266106956215,0.41544465820475607,0.4137456519555097,0.34119999999999995,0.025301383361389547
CAID2 Disorder-NOX,SPOT-Disorder-Single,0.7091673065591486,0.7037290351328194,0.37195494455819805,0.3629729017752632,0.2064,0.0539596145279041
CAID2 Disorder-NOX,DisEMBL-dis465,0.625792239018083,0.6185839371309834,0.2242610319609548,0.21113914509910114,0.3684,0.0344098823014552
CAID2 Disorder-NOX,DisEMBL-disHL,0.5920989550686082,0.5840806501296311,0.170562206477372,0.15143252374332186,0.06560000000000002,0.010199999999999999
CAID2 Disorder-NOX,IsUnstruct,0.6793771618101945,0.6759368105651068,0.31897499992971134,0.3135478557784533,0.4675999999999999,0.07763916537418472
CAID2 Disorder-NOX,RONN,0.6627850623908315,0.6577443745911877,0.2894370756869361,0.2805855115536571,0.499,0.024269322199023214
CAID2 Disorder-NOX,PreDisorder,0.688611275044044,0.681409981671435,0.3355767642881618,0.3225433914887718,0.5237,0.016000312496948315
CAID2 Disorder-NOX,OPAL,0.6106913114060607,0.5982890125318973,0.2015924599975711,0.1761008149939853,0.5044000000000002,0.015383107618423542
CAID2 Disorder-NOX,pyHCA,0.6915794693376198,0.6741969427086568,0.34142915080265646,0.3114169427762647,0.2516,0.07260192834904594
CAID2 Disorder-NOX,DeepIDP-2L,0.6796708969673998,0.664453814750253,0.35451824500121665,0.2945346461896144,0.5218,0.14793363376865992
CAID2 Disorder-NOX,PredIDR-long,0.7000219816932802,0.6927076319801353,0.3585507454719168,0.345763282930748,0.5313,0.05788445387148436
CAID2 Disorder-NOX,PredIDR-short,0.6952536795612705,0.6890722456788219,0.35184273573397823,0.33846010321107456,0.5576564,0.05681639330897378
CAID2 Disorder-NOX,AUCpred-profile,0.7000133933055368,0.6933863456990627,0.3568048271919766,0.34521158911185684,0.0723,0.04079718127518126
CAID2 Disorder-NOX,AUCpred-no-profile,0.6770689334910843,0.6677855757860365,0.31876994701684086,0.2989767715425124,0.0465,0.031026601489689457
CAID2 Disorder-NOX,DisoPred,0.7292755822354473,0.7263016005854503,0.412264976922871,0.40427583671443507,0.45309999999999995,0.04374117053760678
CAID2 Disorder-NOX,Dispredict2,0.5076924456923022,0.5028421190511752,0.09730366813653978,0.00617569787069572,0.7472000000000001,0.34025660904676047
CAID2 Disorder-NOX,Dispredict3,0.712852731932432,0.6827027818625326,0.3801968980269816,0.3265224038912688,0.09459999999999999,0.12890864982614628
CAID2 Disorder-NOX,IDP-Fusion,0.7238534814012368,0.7151517231235744,0.4041205412475215,0.3835279009159305,0.561,0.07452516353554685
CAID2 Disorder-NOX,rawMSA,0.7216001861146661,0.7125370570592553,0.40729946538881867,0.3889865424282854,0.5504,0.055359190745530217
CAID2 Disorder-NOX,metapredict,0.7237365512759355,0.7209687914229114,0.39785151793196993,0.39291557872653976,0.42589999999999995,0.07440624973750523
CAID2 Disorder-NOX,disomine,0.7148020267017745,0.6951214514630542,0.3837057034444249,0.34846499034305445,0.26139999999999997,0.10821478642034091
CAID2 Disorder-NOX,s2D,0.6182715738010441,0.6163537416605505,0.224559906721089,0.21761399972691536,0.46950000000000003,0.022861539755668247
CAID3 Disorder-PDB,AlphaFold-pLDDT,0.8713747834166043,0.8707797667024173,0.7663013104093094,0.764543304103973,0.28080000000000005,0.014274452704044377
CAID3 Disorder-PDB,AlphaFold-rsa,0.8856971908577443,0.8817039598442293,0.7855825185466789,0.7801593166336851,0.5504,0.01749399897107574
CAID3 Disorder-PDB,AlphaFold3-pLDDT,0.870263831539045,0.8658840622666705,0.7402473628149748,0.7367758498753944,0.21260000000000004,0.013668942899873417
CAID3 Disorder-PDB,AlphaFold3-rsa,0.8824661522352133,0.8810035027068863,0.7713491962709182,0.7670910980614211,0.5258,0.017220917513303423
CAID3 Disorder-PDB,AIUPred,0.7934417415965234,0.7948087738805283,0.6511337631672063,0.6476725532307495,0.7068,0.019564253116334383
CAID3 Disorder-PDB,AIUPred-2-disorder,0.8456803484285936,0.8442208091989614,0.7238634599497219,0.7232980750190882,0.5636,0.0026153393661243604
CAID3 Disorder-PDB,IUPred3,0.784400437144158,0.7830658938770398,0.6064053038518413,0.5987061267991611,0.4793,0.025737326978534505
CAID3 Disorder-PDB,ESpritz-D,0.760020181473037,0.7619287187515851,0.5533015262940588,0.5448661569835082,0.3217,0.028443101096751026
CAID3 Disorder-PDB,ESpritz-N,0.7790402336003348,0.7737946630468572,0.5841718248160485,0.5817592515224321,0.38170000000000004,0.02609616830111272
CAID3 Disorder-PDB,ESpritz-X,0.7845014428197068,0.7832438058495602,0.5992347296036556,0.5953046281279859,0.08159999999999999,0.01302459212413195
CAID3 Disorder-PDB,MobiDB-lite,0.7632811015122919,0.7758900406331717,0.6055877209845095,0.6100948896322781,0.3575,0.07150000000000001
CAID3 Disorder-PDB,flDPnn,0.8083491176286716,0.8007288989833532,0.6299183849631547,0.6245753132846243,0.2238,0.015954936540143308
CAID3 Disorder-PDB,flDPnn2,0.8158053163964093,0.8084592087898617,0.6385136472497838,0.6277461568396684,0.2481,0.02306707610426602
CAID3 Disorder-PDB,flDPnn3a,0.8546549078189039,0.8487638083940809,0.6904013633899633,0.6825619874812693,0.45760000000000006,0.01582529620575867
CAID3 Disorder-PDB,flDPnn3b,0.8188705814525885,0.801959211702626,0.6440284458332171,0.6213293805509273,0.2562,0.036446673373574164
CAID3 Disorder-PDB,DISOPRED3-diso,0.8340458660166867,0.8319529867561907,0.6968264574645654,0.6915571667104952,0.32199999999999995,0.05381449618829484
CAID3 Disorder-PDB,SETH-0,0.8727893617354239,0.8722831158075836,0.7677073364815504,0.7667340501893954,0.3966,0.005161395160225581
CAID3 Disorder-PDB,SETH-1,0.8505578791520624,0.8494884124205855,0.7295486925246123,0.7268388348948743,0.4382689,0.01182811755479291
CAID3 Disorder-PDB,VSL2,0.7910142494914851,0.7910672544924712,0.631290125476559,0.6282246609416126,0.6923999999999999,0.01693635143707164
CAID3 Disorder-PDB,SPOT-Disorder,0.8484674801268158,0.8483063828811206,0.7359846177269354,0.7332601279089063,0.4213,0.037043352979988196
CAID3 Disorder-PDB,SPOT-Disorder2,0.8760417837756894,0.8749447612706053,0.7758603697887698,0.7748696367789394,0.38330000000000003,0.02015961309152534
CAID3 Disorder-PDB,SPOT-Disorder-Single,0.8273103004869784,0.823950313569493,0.682898126285493,0.6797402665342369,0.17689999999999997,0.016694010902116963
CAID3 Disorder-PDB,DisEMBL-dis465,0.7161581128208123,0.7215251286515365,0.4739696101012291,0.46892526128596507,0.4196,0.017465394355696634
CAID3 Disorder-PDB,DisEMBL-disHL,0.6173430836309305,0.6215013888915385,0.28873221858393266,0.2705978852772792,0.11540000000000002,0.018725383841192683
CAID3 Disorder-PDB,IsUnstruct,0.7868407698983519,0.785239867675274,0.6198829319425745,0.6154055941944513,0.6778566,0.03577344145647718
CAID3 Disorder-PDB,RONN,0.7669500424521692,0.7649501476186755,0.5767172787695021,0.5739063408191859,0.562,0.015362291495737196
CAID3 Disorder-PDB,PreDisorder,0.7927881759443254,0.7908186175327696,0.6286308872464058,0.6247435313937839,0.5608,0.015098344280085791
CAID3 Disorder-PDB,OPAL,0.6341106607692436,0.6261905216909975,0.24960227609034374,0.2339758243606283,0.527,0.015472556349873165
CAID3 Disorder-PDB,pyHCA,0.7710957685545698,0.7688718693548974,0.5825428061714092,0.5780811795192231,0.2726,0.009931767214348106
CAID3 Disorder-PDB,DeepIDP-2L,0.8134198894320519,0.8164768909357034,0.6798129121440588,0.6766052387273767,0.5075999999999999,0.032016245876117344
CAID3 Disorder-PDB,PredIDR-long,0.8600648366715111,0.8590662506157463,0.7248167463438303,0.7139924527386577,0.49657840000000003,0.05940557313114655
CAID3 Disorder-PDB,PredIDR-short,0.8558841391241777,0.849538742575658,0.7097150827050938,0.6987260085705504,0.5337135999999999,0.07111655563678544
CAID3 Disorder-PDB,PredIDR2-Prof-Art,0.8764430481229815,0.8728811477992962,0.7523811651304877,0.749310362145359,0.5737000000000001,0.027662429394397003
CAID3 Disorder-PDB,PredIDR2-Seq-Art,0.8734934631173394,0.8708888943124049,0.7499443354216477,0.7471841838121147,0.6022,0.020143485299222694
CAID3 Disorder-PDB,AUCpred-profile,0.8224153132783261,0.8233476666554176,0.6851818550184633,0.6799874650854164,0.2660378,0.08253236647134263
CAID3 Disorder-PDB,AUCpred-no-profile,0.8015987507245272,0.7960173325995068,0.6311574768582509,0.6258952178804087,0.11722760000000002,0.04213476482715906
CAID3 Disorder-PDB,DisoPred,0.8388485227998069,0.8412062426876186,0.699100859508199,0.6977532463856714,0.42919999999999997,0.01262378707044761
CAID3 Disorder-PDB,DisPredict2,0.657216279634846,0.6505598976209761,0.30056228022219933,0.2893343832652832,0.4372,0.04542642402831198
CAID3 Disorder-PDB,DisPredict3,0.8180080779542562,0.8168516178804959,0.6345079638840828,0.6308343328123394,0.07859999999999998,0.011568923891183656
CAID3 Disorder-PDB,IDP-Fusion,0.8455677711846974,0.8380013429268752,0.7129312270263496,0.7068652354749816,0.5588,0.03126275739598154
CAID3 Disorder-PDB,rawMSA-disorder,0.8232827103668732,0.815248150085849,0.6348485760620601,0.6190706547871969,0.3699,0.0177620381713361
CAID3 Disorder-PDB,Metapredict-v1,0.7952363863189135,0.7962808378139287,0.6297060613971899,0.6278562887660419,0.3473,0.011764777940955781
CAID3 Disorder-PDB,Metapredict-v2,0.8477929285011969,0.8467934320695378,0.7196855962970752,0.718072311780599,0.45150000000000007,0.027387040730973467
CAID3 Disorder-PDB,Metapredict-v3,0.861112883621383,0.861248095455986,0.7651757083851409,0.7630525092876966,0.5032,0.028854115824263275
CAID3 Disorder-PDB,DisoMine,0.7608329276843073,0.7601845269808554,0.5262139015179826,0.5197059082460275,0.2892,0.020502682751288914
CAID3 Disorder-PDB,PUNCH2,0.8868576743470888,0.8848797686912835,0.7960453879627034,0.7908028895156171,0.3749,0.06843018339884821
CAID3 Disorder-PDB,PUNCH2-Light,0.8789365826816216,0.8815683564127693,0.7906623583284887,0.7875582679288504,0.37333430000000006,0.0598316873271179
CAID3 Disorder-PDB,DisorderUnetLM,0.880280044050937,0.877006588343933,0.7424878715494614,0.7380707441863417,0.1049777,0.01628231788198474
CAID3 Disorder-PDB,LMDisorder,0.8739240524593164,0.8711688937399389,0.7596082233053939,0.7579440577810963,0.7628000000000001,0.03750679938357845
CAID3 Disorder-PDB,ESMDisPred-1,0.8456231374617384,0.8412252942493137,0.6879549451543782,0.6825675406460641,0.2044,0.015963708842245905
CAID3 Disorder-PDB,ESMDisPred-2,0.8458437263650831,0.84206880064039,0.6963867565325847,0.6919223876947409,0.21559999999999996,0.015557634781675524
CAID3 Disorder-PDB,UdonPred-DisProt,0.8053231164160114,0.8031644863438097,0.6115788048512486,0.6091038942523644,0.20579999999999998,0.025875857473714757
CAID3 Disorder-PDB,UdonPred-combined,0.8658853675286161,0.8632363624393626,0.7363063854454837,0.7311427593663702,0.3991,0.03175043306791263
CAID3 Disorder-PDB,DARUMA-beta,0.8269978873285608,0.8270516406212545,0.6863589228695739,0.68400213819854,0.44000000000000006,0.041593268686170845
CAID3 Disorder-PDB,DisoFLAG-IDR,0.8445476367032831,0.8398123015048891,0.6831560420617636,0.677001872507239,0.3162,0.02819148807707746
CAID3 Disorder-PDB,s2D-2,0.6998139152932618,0.6978705639029095,0.37939094495727727,0.37447329213260855,0.5290999999999999,0.018239791665476898
CAID3 Disorder-NOX,AlphaFold-pLDDT,0.7885482380229971,0.7859064583540629,0.5360026335807226,0.5311244285478517,0.2739000000000001,0.030200827803224205
CAID3 Disorder-NOX,AlphaFold-rsa,0.8031873716201341,0.8007205574649536,0.5641271766951286,0.5576374841003542,0.5738000000000001,0.016029971927611075
CAID3 Disorder-NOX,AlphaFold3-pLDDT,0.7870426896526,0.7850649936445346,0.5306761841168223,0.526004924698079,0.18886319999999998,0.020193078719204755
CAID3 Disorder-NOX,AlphaFold3-rsa,0.7985357335406542,0.7920220725149018,0.5492178715715053,0.5373658231242998,0.5115985000000001,0.036717159751947046
CAID3 Disorder-NOX,AIUPred,0.756339295808703,0.7517984215582827,0.4911368947904295,0.4812548605673935,0.6863383,0.04264689463501417
CAID3 Disorder-NOX,AIUPred-2-disorder,0.7815357134915915,0.7795441460246042,0.5266324581171602,0.5234373277281325,0.5718,0.005775811631277466
CAID3 Disorder-NOX,IUPred3,0.7376428902929938,0.7329447112496603,0.451948026698178,0.4458700110746005,0.48710000000000003,0.024508977946866742
CAID3 Disorder-NOX,ESpritz-D,0.7287362615820232,0.7162463011447053,0.43772239660766493,0.41016281416760747,0.33080000000000004,0.056305949952025494
CAID3 Disorder-NOX,ESpritz-N,0.7160851643189039,0.7180028676882768,0.42597485982937155,0.4209755264086001,0.3934,0.0446389964044892
CAID3 Disorder-NOX,ESpritz-X,0.7250013481737501,0.7256379202626257,0.4366454519114159,0.4347594929287344,0.0978,0.007372923436466704
CAID3 Disorder-NOX,MobiDB-lite,0.7377246921632586,0.7298849656058002,0.45523821662186414,0.4479541595853066,0.3432,0.07005540664359891
CAID3 Disorder-NOX,flDPnn,0.7656139174679131,0.7591042739070151,0.5027259040386234,0.4941030702162777,0.22249999999999998,0.025212100269513447
CAID3 Disorder-NOX,flDPnn2,0.7677083776757601,0.760366831244984,0.5130573340135508,0.4981375145862995,0.2689,0.04380741946291746
CAID3 Disorder-NOX,flDPnn3a,0.8086282700496803,0.8073257075072633,0.5719409685556736,0.5686502287595088,0.458,0.009969954864491608
CAID3 Disorder-NOX,flDPnn3b,0.7737903630594467,0.7583030061197304,0.5151619889206887,0.4908091613105727,0.26230000000000003,0.04612819094653507
CAID3 Disorder-NOX,DISOPRED3-diso,0.7514336582965,0.7502968335336818,0.4719321189319954,0.4691856105269168,0.364,0.03555277766926236
CAID3 Disorder-NOX,SETH-0,0.8043778298120554,0.8038900411178509,0.5650550996583137,0.5639623185080976,0.38180000000000003,0.009442457307290309
CAID3 Disorder-NOX,SETH-1,0.7910023262433332,0.7876272362548534,0.5413791021865131,0.5363716913106171,0.4090421,0.026930806740422763
CAID3 Disorder-NOX,VSL2,0.7345657185537064,0.730774569519622,0.43487191204903186,0.42896730870119376,0.6255,0.04288647805544311
CAID3 Disorder-NOX,SPOT-Disorder,0.7655144476344391,0.7608674698141902,0.49645014535795373,0.4824116215608762,0.3666872,0.12102152781451736
CAID3 Disorder-NOX,SPOT-Disorder2,0.7968238494051714,0.7927680628554077,0.554439995427143,0.5455906242251448,0.422,0.06445308371210799
CAID3 Disorder-NOX,SPOT-Disorder-Single,0.7544199383096681,0.748771692506454,0.47966648348946267,0.471574239407496,0.2294,0.0631271732299174
CAID3 Disorder-NOX,DisEMBL-dis465,0.6769407263126064,0.673612657743981,0.32967114120495555,0.3271525512900022,0.3986,0.013358143583597227
CAID3 Disorder-NOX,DisEMBL-disHL,0.6052332031488878,0.6038562207595517,0.2432250638081397,0.1983609670788153,0.0977,0.02841144135731237
CAID3 Disorder-NOX,IsUnstruct,0.7283047428123945,0.7275545852403174,0.4401260464437905,0.43011122327593143,0.6251,0.08197737492747617
CAID3 Disorder-NOX,RONN,0.7203818627947095,0.7171825957890978,0.4110049087947086,0.40883515918170565,0.534,0.01743559577416271
CAID3 Disorder-NOX,PreDisorder,0.7332478889616004,0.7304400046119404,0.4419845248085235,0.4340726579433855,0.5331999999999999,0.01682735867568052
CAID3 Disorder-NOX,OPAL,0.6276157727331828,0.6052272993886303,0.23482153597777397,0.19364757067776453,0.5259,0.02086839715934122
CAID3 Disorder-NOX,pyHCA,0.7298170190699382,0.7178173507266932,0.4415716080513744,0.4265755159748635,0.3095,0.0726763372769982
CAID3 Disorder-NOX,DeepIDP-2L,0.7568282076166368,0.75475588965267,0.49350803655064385,0.489901385838133,0.5509000000000001,0.014976314633447023
CAID3 Disorder-NOX,PredIDR-long,0.7604624951454266,0.7540117653835945,0.48039428852109317,0.46784377391246157,0.4423,0.05630816992231233
CAID3 Disorder-NOX,PredIDR-short,0.750843577431437,0.740738331931976,0.4628521057159862,0.44365086269863646,0.43970000000000004,0.0798098364864883
CAID3 Disorder-NOX,PredIDR2-Prof-Art,0.7581501455448261,0.7522605214343612,0.48846736168276245,0.4747318558817455,0.7957834,0.057548965843358134
CAID3 Disorder-NOX,PredIDR2-Seq-Art,0.7644507110792542,0.7625178516187454,0.49440544614650833,0.48961750495892886,0.7310000000000001,0.03778888725538236
CAID3 Disorder-NOX,AUCpred-profile,0.750409610604568,0.7444268467640955,0.4617589016607463,0.451471040217093,0.1185489,0.10156766917129682
CAID3 Disorder-NOX,AUCpred-no-profile,0.7370174653026045,0.7324139820053431,0.4473805287617119,0.43938833025070917,0.12079999999999999,0.10230327462989638
CAID3 Disorder-NOX,DisoPred,0.797070590754706,0.7935625658604604,0.5587375123638861,0.5534150211386681,0.44770000000000004,0.027320505119781364
CAID3 Disorder-NOX,DisPredict2,0.6124106316309623,0.6051652075562273,0.20750131035938857,0.19408626699414291,0.382,0.0560071424016616
CAID3 Disorder-NOX,DisPredict3,0.7831466540399112,0.7815155414452716,0.5321705093762944,0.5275979464652842,0.07909999999999999,0.015578510840256847
CAID3 Disorder-NOX,IDP-Fusion,0.7731807817752665,0.7715113925792538,0.5168082213226932,0.5115097552893494,0.58,0.033600595232822876
CAID3 Disorder-NOX,rawMSA-disorder,0.7814432468919197,0.7731034157874541,0.5242764510916169,0.5105057217549239,0.3736,0.012634872377669682
CAID3 Disorder-NOX,Metapredict-v1,0.7449859797582301,0.7436640616440682,0.46924921447529777,0.4674557208792196,0.364,0.016780941570722425
CAID3 Disorder-NOX,Metapredict-v2,0.7888009925882091,0.7881133176631434,0.5385180976614363,0.537068405143683,0.4282,0.023915685229572662
CAID3 Disorder-NOX,Metapredict-v3,0.808316334401006,0.8071411826135315,0.5806027110973885,0.5780696434142336,0.5338,0.029895819105687668
CAID3 Disorder-NOX,DisoMine,0.7288894814057405,0.7220491060632366,0.4297173458905947,0.41475397266083536,0.28879999999999995,0.03998449699571072
CAID3 Disorder-NOX,PUNCH2,0.8089997372851283,0.8058871846620779,0.5748109083653938,0.5696379002972612,0.4943872000000001,0.07048901555958914
CAID3 Disorder-NOX,PUNCH2-Light,0.8046163777196624,0.8026053523312304,0.5684690616321634,0.5643574250573277,0.49588800000000005,0.08124324080192764
CAID3 Disorder-NOX,DisorderUnetLM,0.8187796186913148,0.7935381627677363,0.5887680643263091,0.552330032558846,0.24723080000000003,0.18115449378295864
CAID3 Disorder-NOX,LMDisorder,0.7840606922023073,0.7802600894175078,0.523176641820233,0.5162323823367087,0.7438,0.13394536199510604
CAID3 Disorder-NOX,ESMDisPred-1,0.8028774604184604,0.8005424491731663,0.5633901539657515,0.5598633055243133,0.1949835,0.015158345894259045
CAID3 Disorder-NOX,ESMDisPred-2,0.8045251245583549,0.8020359258815668,0.5761688651850662,0.5707210911886142,0.2234,0.0180344115512539
CAID3 Disorder-NOX,UdonPred-DisProt,0.7579859207370254,0.7545801420997543,0.48282548971705874,0.47843635900922166,0.2137467,0.06401579317176348
CAID3 Disorder-NOX,UdonPred-combined,0.7959101337331513,0.7949549076738476,0.5489435122998915,0.5473187972842273,0.4255,0.018938056922503953
CAID3 Disorder-NOX,DARUMA-beta,0.7601191030202394,0.7559634198838471,0.4863194320038705,0.47660933647932263,0.43570000000000003,0.09925023929442185
CAID3 Disorder-NOX,DisoFLAG-IDR,0.7912425918221382,0.7879146081122093,0.5462343719146724,0.5351053559423293,0.31110000000000004,0.06111538267899499
CAID3 Disorder-NOX,s2D-2,0.6475032732226577,0.6405332370715959,0.2718759063312057,0.25866559574666786,0.5243000000000001,0.0352705259388062
