dataset,round,reference,plddt_cutoff,sensitivity,specificity,balanced_accuracy,mcc,sensitivity_long
CAID2 Disorder-PDB,caid2,disorder_pdb,5.0,0.0,1.0,0.5,,0.0
CAID2 Disorder-PDB,caid2,disorder_pdb,6.0,0.0,1.0,0.5,,0.0
CAID2 Disorder-PDB,caid2,disorder_pdb,7.0,0.0,1.0,0.5,,0.0
CAID2 Disorder-PDB,caid2,disorder_pdb,8.0,0.0,1.0,0.5,,0.0
CAID2 Disorder-PDB,caid2,disorder_pdb,9.0,0.0,1.0,0.5,,0.0
CAID2 Disorder-PDB,caid2,disorder_pdb,10.0,0.0,1.0,0.5,,0.0
CAID2 Disorder-PDB,caid2,disorder_pdb,11.0,0.0,1.0,0.5,,0.0
CAID2 Disorder-PDB,caid2,disorder_pdb,12.0,0.0,1.0,0.5,,0.0
CAID2 Disorder-PDB,caid2,disorder_pdb,13.0,0.0,1.0,0.5,,0.0
CAID2 Disorder-PDB,caid2,disorder_pdb,14.0,0.0,1.0,0.5,,0.0
CAID2 Disorder-PDB,caid2,disorder_pdb,15.0,0.0,1.0,0.5,,0.0
CAID2 Disorder-PDB,caid2,disorder_pdb,16.0,0.0,1.0,0.5,,0.0
CAID2 Disorder-PDB,caid2,disorder_pdb,17.0,0.0,1.0,0.5,,0.0
CAID2 Disorder-PDB,caid2,disorder_pdb,18.0,0.0,1.0,0.5,,0.0
CAID2 Disorder-PDB,caid2,disorder_pdb,19.0,4.367956669869835e-05,1.0,0.5000218397833494,0.0055536319078015,0.0
CAID2 Disorder-PDB,caid2,disorder_pdb,20.0,0.0002620774001921901,1.0,0.5001310387000961,0.013604000996966278,0.0
CAID2 Disorder-PDB,caid2,disorder_pdb,21.0,0.0006115139337817769,1.0,0.5003057569668908,0.020781521984719244,0.0002537684616555854
CAID2 Disorder-PDB,caid2,disorder_pdb,22.0,0.0011793483008648554,1.0,0.5005896741504324,0.028862334982436417,0.0008120590772978735
CAID2 Disorder-PDB,caid2,disorder_pdb,23.0,0.002664453568620599,1.0,0.5013322267843103,0.0433919660977953,0.002385423539562503
CAID2 Disorder-PDB,caid2,disorder_pdb,24.0,0.005896741504324277,0.9999636396691209,0.5029301905867226,0.06371530901213303,0.005938182002740699
CAID2 Disorder-PDB,caid2,disorder_pdb,25.0,0.011968201275443348,0.9999090991728025,0.5059386502241229,0.09057133004684122,0.012333147236461452
CAID2 Disorder-PDB,caid2,disorder_pdb,26.0,0.02070411461518302,0.9996909371875284,0.5101975259013557,0.11739593715770168,0.02162107293305588
CAID2 Disorder-PDB,caid2,disorder_pdb,27.0,0.031405608456364115,0.9994909553676938,0.515448281912029,0.144423614641179,0.03309140739988834
CAID2 Disorder-PDB,caid2,disorder_pdb,28.0,0.0449025945662619,0.9993818743750568,0.5221422344706593,0.17396661226990268,0.04730244125260113
CAID2 Disorder-PDB,caid2,disorder_pdb,29.0,0.05953524941032585,0.9991818925552223,0.5293585709827741,0.20077994702602492,0.06273156372126072
CAID2 Disorder-PDB,caid2,disorder_pdb,30.0,0.0767013191229143,0.9988910099081901,0.5377961645155522,0.2281503956018266,0.08100289296046287
CAID2 Disorder-PDB,caid2,disorder_pdb,31.0,0.09675024023761684,0.9985274065994001,0.5476388234185084,0.25662412983864014,0.10242095112419429
CAID2 Disorder-PDB,caid2,disorder_pdb,32.0,0.12151655455577881,0.9981092627942915,0.5598129086750352,0.288516337971656,0.12845759529005735
CAID2 Disorder-PDB,caid2,disorder_pdb,33.0,0.14711278064121605,0.9976911189891828,0.5724019498151994,0.31865478872776104,0.15606760391818505
CAID2 Disorder-PDB,caid2,disorder_pdb,34.0,0.1745435485279986,0.9972729751840742,0.5859082618560364,0.3486762427735948,0.18428665685428616
CAID2 Disorder-PDB,caid2,disorder_pdb,35.0,0.1987420284790775,0.9969639123716025,0.59785297042534,0.37379273638723365,0.21006953255849364
CAID2 Disorder-PDB,caid2,disorder_pdb,36.0,0.22709006726653272,0.9965275884010545,0.6118088278337936,0.4014002822194318,0.2399634573415216
CAID2 Disorder-PDB,caid2,disorder_pdb,37.0,0.25561282432078275,0.9958912826106717,0.6257520534657273,0.42717018543016244,0.26919758412424505
CAID2 Disorder-PDB,caid2,disorder_pdb,38.0,0.2885908971783,0.9953640578129261,0.6419774774956131,0.4563979786098646,0.30299954321676903
CAID2 Disorder-PDB,caid2,disorder_pdb,39.0,0.3191229143006901,0.9947095718571038,0.656916243078897,0.48189777119902005,0.3352281378470284
CAID2 Disorder-PDB,caid2,disorder_pdb,40.0,0.349698610989779,0.9941641668939187,0.6719313889418489,0.5069738567845634,0.3671014566309699
CAID2 Disorder-PDB,caid2,disorder_pdb,41.0,0.37643050580938237,0.9937278429233706,0.6850791743663764,0.5284449289470784,0.394457696797442
CAID2 Disorder-PDB,caid2,disorder_pdb,42.0,0.40342447802917797,0.9932551586219435,0.6983398183255607,0.549570002474597,0.4223214738872253
CAID2 Disorder-PDB,caid2,disorder_pdb,43.0,0.4301126932820826,0.9927642941550768,0.7114384937185797,0.5699978988214628,0.45018525097700857
CAID2 Disorder-PDB,caid2,disorder_pdb,44.0,0.45920328470341576,0.991982547041178,0.7255929158722969,0.5912510647817842,0.4799776683753743
CAID2 Disorder-PDB,caid2,disorder_pdb,45.0,0.4826155324539181,0.9914735024088719,0.737044517431395,0.6084310959708961,0.5042379333096483
CAID2 Disorder-PDB,caid2,disorder_pdb,46.0,0.5042805975364725,0.9906917552949732,0.7474861764157228,0.6234070764387305,0.526214282089022
CAID2 Disorder-PDB,caid2,disorder_pdb,47.0,0.5214029876823622,0.9902372511589855,0.7558201194206738,0.6355531583032894,0.5436735522509263
CAID2 Disorder-PDB,caid2,disorder_pdb,48.0,0.5398794443959116,0.9895282247068449,0.7647038345513782,0.6480658135224742,0.5623001573364462
CAID2 Disorder-PDB,caid2,disorder_pdb,49.0,0.5591421333100376,0.9887646577583856,0.7739533955342116,0.660991715423985,0.5815358067299397
CAID2 Disorder-PDB,caid2,disorder_pdb,50.0,0.5758277277889403,0.988201072629761,0.7820144002093506,0.6723625567684239,0.5980815104298838
CAID2 Disorder-PDB,caid2,disorder_pdb,51.0,0.5927317201013366,0.9871284428688301,0.7899300814850834,0.6827335778968232,0.6151855047454702
CAID2 Disorder-PDB,caid2,disorder_pdb,52.0,0.6062723857779331,0.9862376147622943,0.7962550002701136,0.6909714659339901,0.6286352332132162
CAID2 Disorder-PDB,caid2,disorder_pdb,53.0,0.6192452170874465,0.98529224615944,0.8022687316234433,0.6986699772130383,0.6408161193726843
CAID2 Disorder-PDB,caid2,disorder_pdb,54.0,0.6335721149646195,0.9840741750749932,0.8088231450198063,0.7068169191675346,0.6546718773790793
CAID2 Disorder-PDB,caid2,disorder_pdb,55.0,0.6447104044727876,0.9828379238251068,0.8137741641489472,0.7125678461484195,0.6648733695376339
CAID2 Disorder-PDB,caid2,disorder_pdb,56.0,0.6572027605486154,0.9813653304245069,0.8192840454865611,0.7188778250089303,0.6764452113891286
CAID2 Disorder-PDB,caid2,disorder_pdb,57.0,0.6702629509915262,0.980038178347423,0.8251505646694746,0.7259450673773847,0.6888798660102522
CAID2 Disorder-PDB,caid2,disorder_pdb,58.0,0.6785183890975801,0.9789473684210527,0.8287328787593164,0.7299285110833043,0.6968481957062377
CAID2 Disorder-PDB,caid2,disorder_pdb,59.0,0.6876037389709094,0.9773656940278157,0.8324847164993625,0.7335907269488467,0.7053748160178653
CAID2 Disorder-PDB,caid2,disorder_pdb,60.0,0.6962959727439504,0.9758749204617762,0.8360854466028633,0.7371794847790196,0.7132416383291884
CAID2 Disorder-PDB,caid2,disorder_pdb,61.0,0.7034157421158382,0.9741296245795836,0.8387726833477109,0.7391434428274266,0.7203471552555448
CAID2 Disorder-PDB,caid2,disorder_pdb,62.0,0.7115838210884948,0.9723116080356331,0.841947714562064,0.7418017748620344,0.7281124701822057
CAID2 Disorder-PDB,caid2,disorder_pdb,63.0,0.7200139774613435,0.970184528679211,0.8450992530702772,0.7441305240851834,0.7360807998781911
CAID2 Disorder-PDB,caid2,disorder_pdb,64.0,0.7277452607670132,0.9684392327970185,0.8480922467820158,0.7467014309263907,0.7438461148048521
CAID2 Disorder-PDB,caid2,disorder_pdb,65.0,0.7341661570717218,0.9663666939369149,0.8502664255043184,0.7477332531187015,0.7497335431152616
CAID2 Disorder-PDB,caid2,disorder_pdb,66.0,0.7426836725779681,0.9638760112717025,0.8532798419248353,0.7496481424279645,0.7582094097345582
CAID2 Disorder-PDB,caid2,disorder_pdb,67.0,0.7497160828164584,0.9612580674484138,0.8554870751324362,0.7502909591265678,0.7652641729685835
CAID2 Disorder-PDB,caid2,disorder_pdb,68.0,0.7558749017209749,0.9593127897463867,0.8575938457336808,0.7515252582013565,0.7712531086636553
CAID2 Disorder-PDB,caid2,disorder_pdb,69.0,0.763387787193151,0.9562039814562312,0.8597958843246911,0.7518162886589649,0.7782571182053495
CAID2 Disorder-PDB,caid2,disorder_pdb,70.0,0.7698523630645584,0.9529679120079992,0.8614101375362788,0.7511879762974814,0.7846520834390702
CAID2 Disorder-PDB,caid2,disorder_pdb,71.0,0.7755307067353892,0.9505863103354241,0.8630585085354066,0.7514905299344226,0.7903872506724864
CAID2 Disorder-PDB,caid2,disorder_pdb,72.0,0.782650476107277,0.9474229615489501,0.8650367188281136,0.7516509548733252,0.7971882454448561
CAID2 Disorder-PDB,caid2,disorder_pdb,73.0,0.7903380798462479,0.9435142259794564,0.8669261529128522,0.7511186475945963,0.804953560371517
CAID2 Disorder-PDB,caid2,disorder_pdb,74.0,0.7965842578841618,0.9403508771929825,0.8684675675385721,0.7507992808069933,0.8113485256052377
CAID2 Disorder-PDB,caid2,disorder_pdb,75.0,0.8035293089892548,0.9361512589764567,0.8698402839828557,0.7494551618791143,0.8179972593006141
CAID2 Disorder-PDB,caid2,disorder_pdb,76.0,0.8102122826941557,0.9317334787746568,0.8709728807344063,0.7476956197738777,0.824442978226666
CAID2 Disorder-PDB,caid2,disorder_pdb,77.0,0.8177251681663318,0.9273702390691755,0.8725477036177536,0.7468015774929334,0.8320052783840024
CAID2 Disorder-PDB,caid2,disorder_pdb,78.0,0.8237966279374509,0.9227706572129807,0.8732836425752157,0.7445520880790735,0.8377911993097498
CAID2 Disorder-PDB,caid2,disorder_pdb,79.0,0.8312221542762296,0.9161530769930006,0.8736876156346152,0.7405094917436199,0.8449474699284373
CAID2 Disorder-PDB,caid2,disorder_pdb,80.0,0.8390844762819952,0.9084083265157713,0.8737464013988833,0.7354312278335019,0.8529157996244227
CAID2 Disorder-PDB,caid2,disorder_pdb,81.0,0.8451122564864156,0.9012271611671666,0.8731697088267911,0.7299918844139319,0.8586509668578389
CAID2 Disorder-PDB,caid2,disorder_pdb,82.0,0.8541102472263475,0.8913189710026361,0.8727146091144918,0.7234309252778088,0.8673806019387911
CAID2 Disorder-PDB,caid2,disorder_pdb,83.0,0.8607495413645496,0.8801018089264613,0.8704256751455055,0.7136584884781138,0.8734710450185251
CAID2 Disorder-PDB,caid2,disorder_pdb,84.0,0.8664715646020792,0.8673756931188074,0.8669236288604433,0.7016749060114693,0.8786986753286301
CAID2 Disorder-PDB,caid2,disorder_pdb,85.0,0.8741154887743514,0.8509408235614944,0.8625281561679229,0.6872245459626805,0.8859564533319799
CAID2 Disorder-PDB,caid2,disorder_pdb,86.0,0.882414606447104,0.8337060267248432,0.8580603165859736,0.6732197364530985,0.8935695071816475
CAID2 Disorder-PDB,caid2,disorder_pdb,87.0,0.8890539005853062,0.8155622216162167,0.8523080611007614,0.6576313811936698,0.8997614576460438
CAID2 Disorder-PDB,caid2,disorder_pdb,88.0,0.8970909408578667,0.7912917007544769,0.8441913208061718,0.6373504498070066,0.9069684819570624
CAID2 Disorder-PDB,caid2,disorder_pdb,89.0,0.9055647767974142,0.7627488410144533,0.8341568089059337,0.614322708510042,0.9143277673450744
CAID2 Disorder-PDB,caid2,disorder_pdb,90.0,0.9152616406045252,0.7262976093082447,0.820779624956385,0.5861894313717532,0.9229051413490331
CAID2 Disorder-PDB,caid2,disorder_pdb,91.0,0.9246527474447453,0.6885737660212707,0.806613256733008,0.558780879966928,0.9313810079683297
CAID2 Disorder-PDB,caid2,disorder_pdb,92.0,0.9329955446841968,0.6480683574220525,0.7905319510531246,0.5299465484312682,0.9387910470486728
CAID2 Disorder-PDB,caid2,disorder_pdb,93.0,0.9447453481261466,0.588346513953277,0.7665459310397118,0.4902926059607903,0.949753844592194
CAID2 Disorder-PDB,caid2,disorder_pdb,94.0,0.9532628636323928,0.5350422688846469,0.7441525662585198,0.45574163240017035,0.9573668984418616
CAID2 Disorder-PDB,caid2,disorder_pdb,95.0,0.9662356949419062,0.4601581674393237,0.713196931190615,0.41158356205660224,0.9707658732172766
CAID2 Disorder-PDB,caid2,disorder_pdb,96.0,0.9767624705162925,0.39321879829106443,0.6849906344036785,0.37356939897730373,0.9815764096838046
CAID2 Disorder-PDB,caid2,disorder_pdb,97.0,0.9857604612562243,0.3117898372875193,0.6487751492718719,0.32493773883109883,0.989595493072121
CAID2 Disorder-PDB,caid2,disorder_pdb,98.0,0.9941469380623744,0.20438141987092082,0.5992641789666476,0.25609657440200145,0.995635182459524
CAID2 Disorder-PDB,caid2,disorder_pdb,99.0,1.0,0.0007453867830197255,0.5003726933915099,0.014804715340802632,1.0
CAID2 Disorder-NOX,caid2,disorder_nox,5.0,0.0,1.0,0.5,,0.0
CAID2 Disorder-NOX,caid2,disorder_nox,6.0,0.0,1.0,0.5,,0.0
CAID2 Disorder-NOX,caid2,disorder_nox,7.0,0.0,1.0,0.5,,0.0
CAID2 Disorder-NOX,caid2,disorder_nox,8.0,0.0,1.0,0.5,,0.0
CAID2 Disorder-NOX,caid2,disorder_nox,9.0,0.0,1.0,0.5,,0.0
CAID2 Disorder-NOX,caid2,disorder_nox,10.0,0.0,1.0,0.5,,0.0
CAID2 Disorder-NOX,caid2,disorder_nox,11.0,0.0,1.0,0.5,,0.0
CAID2 Disorder-NOX,caid2,disorder_nox,12.0,0.0,1.0,0.5,,0.0
CAID2 Disorder-NOX,caid2,disorder_nox,13.0,0.0,1.0,0.5,,0.0
CAID2 Disorder-NOX,caid2,disorder_nox,14.0,0.0,1.0,0.5,,0.0
CAID2 Disorder-NOX,caid2,disorder_nox,15.0,0.0,1.0,0.5,,0.0
CAID2 Disorder-NOX,caid2,disorder_nox,16.0,0.0,1.0,0.5,,0.0
CAID2 Disorder-NOX,caid2,disorder_nox,17.0,0.0,1.0,0.5,,0.0
CAID2 Disorder-NOX,caid2,disorder_nox,18.0,0.0,1.0,0.5,,0.0
CAID2 Disorder-NOX,caid2,disorder_nox,19.0,0.0,1.0,0.5,,0.0
CAID2 Disorder-NOX,caid2,disorder_nox,20.0,0.0,0.9999602954022075,0.49998014770110377,-0.003280449543323948,0.0
CAID2 Disorder-NOX,caid2,disorder_nox,21.0,0.00010679196924391286,0.9999404431033113,0.5000236175362777,0.0024682922051892237,0.00011326311020500623
CAID2 Disorder-NOX,caid2,disorder_nox,22.0,0.00048056386159760786,0.9997617724132455,0.5001211681374216,0.0061798232935409815,0.0004530524408200249
CAID2 Disorder-NOX,caid2,disorder_nox,23.0,0.0012815036309269544,0.9993647264353213,0.5003231150331241,0.010094166690766303,0.0013025257673575717
CAID2 Disorder-NOX,caid2,disorder_nox,24.0,0.0037911149081589065,0.9978956563170015,0.5008433856125802,0.014832957825685177,0.003794314191867709
CAID2 Disorder-NOX,caid2,disorder_nox,25.0,0.008169585647159333,0.9953545620582863,0.5017620738527229,0.020990339478666416,0.008268207044965455
CAID2 Disorder-NOX,caid2,disorder_nox,26.0,0.01569841947885519,0.9910466131978083,0.5033725163383317,0.02903093848140916,0.015913466983803377
CAID2 Disorder-NOX,caid2,disorder_nox,27.0,0.024615548910721912,0.9857261970936234,0.5051708730021727,0.0354808750905967,0.024974515800203875
CAID2 Disorder-NOX,caid2,disorder_nox,28.0,0.036683041435284065,0.9795322798380053,0.5081076606366447,0.04628948265546439,0.036980405481934535
CAID2 Disorder-NOX,caid2,disorder_nox,29.0,0.04949807774455361,0.9723854522353689,0.5109417649899612,0.05402207351330107,0.050232189375920264
CAID2 Disorder-NOX,caid2,disorder_nox,30.0,0.0647159333618112,0.9640871912967521,0.5144015623292817,0.0626141959553298,0.06574923547400612
CAID2 Disorder-NOX,caid2,disorder_nox,31.0,0.08303075608714225,0.9541411895497499,0.5185859728184461,0.07190192347870462,0.08460754332313965
CAID2 Disorder-NOX,caid2,disorder_nox,32.0,0.10668517727466895,0.9411379337727309,0.5239115555237,0.08232877701149843,0.10895911201721599
CAID2 Disorder-NOX,caid2,disorder_nox,33.0,0.1319948739854763,0.9282537917890892,0.5301243328872828,0.09449378236641942,0.13506625891946994
CAID2 Disorder-NOX,caid2,disorder_nox,34.0,0.15890645023494232,0.9141388072738823,0.5365226287544123,0.10562103626636359,0.16219277381356892
CAID2 Disorder-NOX,caid2,disorder_nox,35.0,0.18314822725331056,0.8996466290796474,0.541397428166479,0.11213151153715381,0.18682750028315778
CAID2 Disorder-NOX,caid2,disorder_nox,36.0,0.21187526697992312,0.883605971571508,0.5477406192757156,0.12149144391448212,0.2164458036017669
CAID2 Disorder-NOX,caid2,disorder_nox,37.0,0.2409226826142674,0.8665726991185579,0.5537476908664127,0.12949909716303637,0.24589421225506852
CAID2 Disorder-NOX,caid2,disorder_nox,38.0,0.27322725331055103,0.8472564122925434,0.5602418328015473,0.137805067294605,0.2784573564390078
CAID2 Disorder-NOX,caid2,disorder_nox,39.0,0.30542503203759075,0.8321686651314222,0.5687968485845065,0.1514619826855067,0.3111903952882546
CAID2 Disorder-NOX,caid2,disorder_nox,40.0,0.336982058949167,0.8149964265861986,0.5759892427676828,0.16146850679261474,0.34318722392116885
CAID2 Disorder-NOX,caid2,disorder_nox,41.0,0.36405382315249896,0.800623362185341,0.58233859266892,0.1704255254016903,0.3707667912560879
CAID2 Disorder-NOX,caid2,disorder_nox,42.0,0.3927274668944895,0.7861113316922099,0.5894193992933497,0.18069808076021146,0.399705515913467
CAID2 Disorder-NOX,caid2,disorder_nox,43.0,0.4209739427595045,0.7727507345350592,0.5968623386472818,0.19183092726694814,0.4284177143504361
CAID2 Disorder-NOX,caid2,disorder_nox,44.0,0.45215719777872704,0.7595886603668704,0.6058729290727988,0.2058184454136772,0.45962170121191526
CAID2 Disorder-NOX,caid2,disorder_nox,45.0,0.4771465185818026,0.7494441356309061,0.6132953271063544,0.2173926411202627,0.4849926378978367
CAID2 Disorder-NOX,caid2,disorder_nox,46.0,0.49983981204613415,0.7399150321607242,0.6198774221034291,0.22751682471766552,0.5076452599388379
CAID2 Disorder-NOX,caid2,disorder_nox,47.0,0.5177808628791115,0.7331851028349082,0.6254829828570099,0.23637275669299104,0.5258806206818439
CAID2 Disorder-NOX,caid2,disorder_nox,48.0,0.5375907731738573,0.7250059556896689,0.6312983644317631,0.24534426381676028,0.5456450334126175
CAID2 Disorder-NOX,caid2,disorder_nox,49.0,0.5578278513455788,0.7186929246406734,0.6382603879931261,0.25665720902634503,0.5658058670291086
CAID2 Disorder-NOX,caid2,disorder_nox,50.0,0.5745941905168731,0.7124394504883665,0.6435168205026198,0.26495505069337094,0.5827387020047571
CAID2 Disorder-NOX,caid2,disorder_nox,51.0,0.5926954293037163,0.7063646470261257,0.6495300381649209,0.27462319624761244,0.600634273417148
CAID2 Disorder-NOX,caid2,disorder_nox,52.0,0.606685177274669,0.7009648217263559,0.6538249995005124,0.2813863025430729,0.6146788990825688
CAID2 Disorder-NOX,caid2,disorder_nox,53.0,0.6196604015378043,0.6953267688398317,0.657493585188818,0.2870444657775721,0.6274776305357345
CAID2 Disorder-NOX,caid2,disorder_nox,54.0,0.6344510892780862,0.6894107837687604,0.6619309365234234,0.2940458110696946,0.6418054139766678
CAID2 Disorder-NOX,caid2,disorder_nox,55.0,0.6456642460486971,0.6842690383546415,0.6649666422016693,0.29872831702493013,0.6522822516706309
CAID2 Disorder-NOX,caid2,disorder_nox,56.0,0.6584792823579667,0.6792067021361073,0.668842992247037,0.3049217050631267,0.6646279306829765
CAID2 Disorder-NOX,caid2,disorder_nox,57.0,0.6720418624519436,0.6732510124672437,0.6726464374595937,0.3109308800479532,0.6775965568014498
CAID2 Disorder-NOX,caid2,disorder_nox,58.0,0.6803182400683468,0.6689629159056619,0.6746405779870044,0.31399007783585975,0.6856382376260052
CAID2 Disorder-NOX,caid2,disorder_nox,59.0,0.6892887654848355,0.6642579210672596,0.6767733432760475,0.31728223519814513,0.6944727602219957
CAID2 Disorder-NOX,caid2,disorder_nox,60.0,0.6979923109782145,0.6595330739299611,0.6787626924540877,0.3203565605035138,0.7029108619322687
CAID2 Disorder-NOX,caid2,disorder_nox,61.0,0.7055745407945323,0.6556420233463035,0.6806082820704179,0.32327745980025424,0.7104994903160041
CAID2 Disorder-NOX,caid2,disorder_nox,62.0,0.7137975224263136,0.6512149606924482,0.6825062415593809,0.32627790311761673,0.7187110658058671
CAID2 Disorder-NOX,caid2,disorder_nox,63.0,0.7220205040580948,0.6468673072341777,0.6844439056461362,0.3293856111166556,0.7269792728508325
CAID2 Disorder-NOX,caid2,disorder_nox,64.0,0.7299231097821444,0.6433931549273406,0.6866581323547425,0.33306006203806576,0.7350775852304904
CAID2 Disorder-NOX,caid2,disorder_nox,65.0,0.7362772319521572,0.6396609227348526,0.687969077343505,0.3351593924226969,0.7413636878468682
CAID2 Disorder-NOX,caid2,disorder_nox,66.0,0.7453011533532679,0.6357500198522988,0.6905255866027833,0.33946382810120235,0.7503681051081663
CAID2 Disorder-NOX,caid2,disorder_nox,67.0,0.7525630072618539,0.6321567537520845,0.6923598805069692,0.3425415726747024,0.7576735757163892
CAID2 Disorder-NOX,caid2,disorder_nox,68.0,0.7589171294318667,0.6284642261573891,0.6936906777946279,0.344754603999533,0.7641295729980745
CAID2 Disorder-NOX,caid2,disorder_nox,69.0,0.7660721913712089,0.6238783451123641,0.6949752682417865,0.3468880877945682,0.77126514894099
CAID2 Disorder-NOX,caid2,disorder_nox,70.0,0.7728000854335754,0.6195902485507822,0.6961951669921788,0.34894975694159924,0.7778344093328803
CAID2 Disorder-NOX,caid2,disorder_nox,71.0,0.7787270397266126,0.6153418565869928,0.6970344481568027,0.35037066372671477,0.7837807226186431
CAID2 Disorder-NOX,caid2,disorder_nox,72.0,0.7860956856044425,0.6104780433574208,0.6982868644809317,0.3525526486474841,0.7910295616717635
CAID2 Disorder-NOX,caid2,disorder_nox,73.0,0.7935177274668945,0.6055943778289526,0.6995560526479236,0.3548075969122932,0.7987314531657039
CAID2 Disorder-NOX,caid2,disorder_nox,74.0,0.7999786416061512,0.6005320416104185,0.7002553416082848,0.3560919774666347,0.8053007135575942
CAID2 Disorder-NOX,caid2,disorder_nox,75.0,0.8071337035454934,0.5952711824029222,0.7012024429742079,0.35786627023530976,0.8122663948352021
CAID2 Disorder-NOX,caid2,disorder_nox,76.0,0.8135412217001281,0.5894147542285396,0.7014779879643338,0.358501144091927,0.8188356552270926
CAID2 Disorder-NOX,caid2,disorder_nox,77.0,0.8213904314395557,0.5831017231795442,0.70224607730955,0.360092777017565,0.8265941782761355
CAID2 Disorder-NOX,caid2,disorder_nox,78.0,0.8276377616403247,0.5774438179941237,0.7025407898172242,0.3608654736217732,0.8327103862272058
CAID2 Disorder-NOX,caid2,disorder_nox,79.0,0.8350598035027766,0.5695624553323275,0.7023111294175521,0.3608638003214517,0.8400158568354287
CAID2 Disorder-NOX,caid2,disorder_nox,80.0,0.843229389149936,0.5605495116334471,0.7018894503916915,0.3606796288988999,0.8482274323252916
CAID2 Disorder-NOX,caid2,disorder_nox,81.0,0.8491563434429731,0.5513380449456047,0.7002471941942889,0.3583851657099676,0.8541737456110545
CAID2 Disorder-NOX,caid2,disorder_nox,82.0,0.8586074327210593,0.5399626776780752,0.6992850551995673,0.35765002084100744,0.8634046890927625
CAID2 Disorder-NOX,caid2,disorder_nox,83.0,0.8652819307988039,0.5279520368458668,0.6966169838223353,0.35398130110485077,0.8697474232642428
CAID2 Disorder-NOX,caid2,disorder_nox,84.0,0.8707817172148654,0.5154649408401493,0.6931233290275074,0.3489661994452057,0.8749575263336731
CAID2 Disorder-NOX,caid2,disorder_nox,85.0,0.8785775309696711,0.49815373620265224,0.6883656335861617,0.34238802378806216,0.8825461547174085
CAID2 Disorder-NOX,caid2,disorder_nox,86.0,0.8865335326783426,0.47959183673469385,0.6830626847065182,0.33521584260216913,0.890474572431759
CAID2 Disorder-NOX,caid2,disorder_nox,87.0,0.893314822725331,0.4607321527832923,0.6770234877543116,0.3269238771559401,0.8969305697134443
CAID2 Disorder-NOX,caid2,disorder_nox,88.0,0.9013242204186245,0.436095449853093,0.6687098351358587,0.31557908702577486,0.9041227772114623
CAID2 Disorder-NOX,caid2,disorder_nox,89.0,0.909280222127296,0.4096918923211308,0.6594860572242134,0.3031338871653353,0.9115981424849926
CAID2 Disorder-NOX,caid2,disorder_nox,90.0,0.9185177274668945,0.37580401810529657,0.6471608727860956,0.28657457092738065,0.9204892966360856
CAID2 Disorder-NOX,caid2,disorder_nox,91.0,0.9280222127296027,0.3429484634320654,0.6354853380808341,0.27145072336757214,0.9294370823422812
CAID2 Disorder-NOX,caid2,disorder_nox,92.0,0.9357646304997864,0.3091797030096085,0.6224721667546975,0.2539242767037779,0.936855816060709
CAID2 Disorder-NOX,caid2,disorder_nox,93.0,0.947298163178129,0.2647105534820932,0.6060043583301111,0.23248786675158734,0.9481254955261071
CAID2 Disorder-NOX,caid2,disorder_nox,94.0,0.9555211448099103,0.2263757643135075,0.590948454561709,0.2118005969746735,0.95588401857515
CAID2 Disorder-NOX,caid2,disorder_nox,95.0,0.9689769329346433,0.17614944810609068,0.572563190520367,0.1877103425262312,0.9697021180201608
CAID2 Disorder-NOX,caid2,disorder_nox,96.0,0.9799765057667663,0.1356110537600254,0.5577937797633958,0.1681047510363981,0.9808019028202515
CAID2 Disorder-NOX,caid2,disorder_nox,97.0,0.9883062793677916,0.09527118240292226,0.541788730885357,0.1431515708249502,0.9887869520897044
CAID2 Disorder-NOX,caid2,disorder_nox,98.0,0.9952477573686459,0.05086158977209561,0.5230546735703707,0.10670387274892144,0.9952429493713897
CAID2 Disorder-NOX,caid2,disorder_nox,99.0,1.0,0.0,0.5,,1.0
CAID3 Disorder-PDB,caid3,disorder_pdb,5.0,0.0,1.0,0.5,,0.0
CAID3 Disorder-PDB,caid3,disorder_pdb,6.0,0.0,1.0,0.5,,0.0
CAID3 Disorder-PDB,caid3,disorder_pdb,7.0,0.0,1.0,0.5,,0.0
CAID3 Disorder-PDB,caid3,disorder_pdb,8.0,0.0,1.0,0.5,,0.0
CAID3 Disorder-PDB,caid3,disorder_pdb,9.0,0.0,1.0,0.5,,0.0
CAID3 Disorder-PDB,caid3,disorder_pdb,10.0,0.0,1.0,0.5,,0.0
CAID3 Disorder-PDB,caid3,disorder_pdb,11.0,0.0,1.0,0.5,,0.0
CAID3 Disorder-PDB,caid3,disorder_pdb,12.0,0.0,1.0,0.5,,0.0
CAID3 Disorder-PDB,caid3,disorder_pdb,13.0,0.0,1.0,0.5,,0.0
CAID3 Disorder-PDB,caid3,disorder_pdb,14.0,0.0,1.0,0.5,,0.0
CAID3 Disorder-PDB,caid3,disorder_pdb,15.0,0.0,1.0,0.5,,0.0
CAID3 Disorder-PDB,caid3,disorder_pdb,16.0,0.0,1.0,0.5,,0.0
CAID3 Disorder-PDB,caid3,disorder_pdb,17.0,0.0,1.0,0.5,,0.0
CAID3 Disorder-PDB,caid3,disorder_pdb,18.0,0.0,1.0,0.5,,0.0
CAID3 Disorder-PDB,caid3,disorder_pdb,19.0,4.483902788987535e-05,1.0,0.5000224195139449,0.005552435572483234,5.275931201857128e-05
CAID3 Disorder-PDB,caid3,disorder_pdb,20.0,0.0005380683346785041,1.0,0.5002690341673393,0.019235683309474574,0.0006331117442228553
CAID3 Disorder-PDB,caid3,disorder_pdb,21.0,0.0014796879203658865,1.0,0.5007398439601829,0.03190346632859649,0.0017410572966128522
CAID3 Disorder-PDB,caid3,disorder_pdb,22.0,0.003093892924401399,1.0,0.5015469464622007,0.046143979465392816,0.0036403925292814183
CAID3 Disorder-PDB,caid3,disorder_pdb,23.0,0.00520132723522554,1.0,0.5026006636176128,0.059849794608503336,0.006120080194154268
CAID3 Disorder-PDB,caid3,disorder_pdb,24.0,0.008429737243296565,1.0,0.5042148686216483,0.07623108503054112,0.0099187506594914
CAID3 Disorder-PDB,caid3,disorder_pdb,25.0,0.01282396197650435,1.0,0.5064119809882521,0.09408823541752837,0.015089163237311385
CAID3 Disorder-PDB,caid3,disorder_pdb,26.0,0.020267240606223657,0.9999796234411933,0.5101234320237085,0.1181722427923404,0.02342513453624565
CAID3 Disorder-PDB,caid3,disorder_pdb,27.0,0.028876333961079723,0.999918493764773,0.5143974138629264,0.14071216243209533,0.03329112588371848
CAID3 Disorder-PDB,caid3,disorder_pdb,28.0,0.04044480315666756,0.9998166109707393,0.5201307070637035,0.1662430237920613,0.04653371320037987
CAID3 Disorder-PDB,caid3,disorder_pdb,29.0,0.05299973096583266,0.9997147281767055,0.5263572295712691,0.1903521469967241,0.06067320882135697
CAID3 Disorder-PDB,caid3,disorder_pdb,30.0,0.07044211281499417,0.9994702094710245,0.5349561611430094,0.21909837702477733,0.08014139495620977
CAID3 Disorder-PDB,caid3,disorder_pdb,31.0,0.09088870953277733,0.9992460673241503,0.5450673884284638,0.24930646747349158,0.1030389363722697
CAID3 Disorder-PDB,caid3,disorder_pdb,32.0,0.11806116043404179,0.9989607955008558,0.5585109779674488,0.285117043340755,0.13305898491083676
CAID3 Disorder-PDB,caid3,disorder_pdb,33.0,0.14326069410815173,0.9986347705599479,0.5709477323340498,0.314925953123906,0.16117969821673525
CAID3 Disorder-PDB,caid3,disorder_pdb,34.0,0.1691328132006098,0.9982679925014264,0.5837004028510181,0.3431782666165784,0.1897224860187823
CAID3 Disorder-PDB,caid3,disorder_pdb,35.0,0.1937046004842615,0.9976363191784171,0.5956704598313393,0.367340853898405,0.21610214202806796
CAID3 Disorder-PDB,caid3,disorder_pdb,36.0,0.22114608555286522,0.9970453989730215,0.6090957422629434,0.39344194710067437,0.245014245014245
CAID3 Disorder-PDB,caid3,disorder_pdb,37.0,0.24742175589633217,0.9964748553264324,0.6219483056113823,0.4173286919983339,0.2725546058879392
CAID3 Disorder-PDB,caid3,disorder_pdb,38.0,0.2772397094430993,0.9957209226505828,0.6364803160468411,0.44304474117616466,0.3041574337870634
CAID3 Disorder-PDB,caid3,disorder_pdb,39.0,0.3054434579858309,0.9951911321216073,0.650317295053719,0.46709552759313866,0.3332278147092962
CAID3 Disorder-PDB,caid3,disorder_pdb,40.0,0.3316294502735181,0.9946613415926319,0.663145395933075,0.48867006744177377,0.3607154162709718
CAID3 Disorder-PDB,caid3,disorder_pdb,41.0,0.35543897408304187,0.9941926807400766,0.6748158274115592,0.5078682602948182,0.38609264535190463
CAID3 Disorder-PDB,caid3,disorder_pdb,42.0,0.3813559322033898,0.9937443964463282,0.6875501643248589,0.5285030401656143,0.4125778199852274
CAID3 Disorder-PDB,caid3,disorder_pdb,43.0,0.40570352434759216,0.992949710652865,0.6993266175002286,0.5465585592509811,0.437480215257993
CAID3 Disorder-PDB,caid3,disorder_pdb,44.0,0.4305443457985831,0.9923995435650828,0.711471944681833,0.5653768112337424,0.46354331539516724
CAID3 Disorder-PDB,caid3,disorder_pdb,45.0,0.4533225719666398,0.9915029749775858,0.7224127734721127,0.5814468670105466,0.48717948717948717
CAID3 Disorder-PDB,caid3,disorder_pdb,46.0,0.47574208591157746,0.9907490423017361,0.7332455641066568,0.5974268319201134,0.5100242692835285
CAID3 Disorder-PDB,caid3,disorder_pdb,47.0,0.49278091650973005,0.9899543565082729,0.7413676365090015,0.608965306529091,0.5269072491294714
CAID3 Disorder-PDB,caid3,disorder_pdb,48.0,0.5119271814187069,0.9890374113619692,0.750482296390338,0.62181535102972,0.5463754352643242
CAID3 Disorder-PDB,caid3,disorder_pdb,49.0,0.5319702268854811,0.9881204662156655,0.7600453465505733,0.635303600659465,0.5658963807111955
CAID3 Disorder-PDB,caid3,disorder_pdb,50.0,0.550712940543449,0.9872238976281685,0.7689684190858088,0.6477816436884799,0.5833069536773241
CAID3 Disorder-PDB,caid3,disorder_pdb,51.0,0.5710250201775625,0.9861439400114109,0.7785844800944868,0.6610322262264209,0.6033554922443811
CAID3 Disorder-PDB,caid3,disorder_pdb,52.0,0.5861806116043404,0.9850639823946532,0.7856222969994968,0.670330522628342,0.6182336182336182
CAID3 Disorder-PDB,caid3,disorder_pdb,53.0,0.6022329835889157,0.9840044013367023,0.7931186924628091,0.6803581315748434,0.6339558932151524
CAID3 Disorder-PDB,caid3,disorder_pdb,54.0,0.6185543897408304,0.9824761594261961,0.8005152745835133,0.6896528322787109,0.649519890260631
CAID3 Disorder-PDB,caid3,disorder_pdb,55.0,0.6327235225540311,0.9814573314858587,0.8070904270199448,0.6983600738544745,0.662815236889311
CAID3 Disorder-PDB,caid3,disorder_pdb,56.0,0.6462200699488835,0.9801124786046133,0.8131662742767484,0.7059356968389596,0.6755829903978052
CAID3 Disorder-PDB,caid3,disorder_pdb,57.0,0.6612859833198816,0.9788083788409814,0.8200471810804315,0.7148066608444545,0.6908304315711723
CAID3 Disorder-PDB,caid3,disorder_pdb,58.0,0.6732131647385885,0.9775857853125764,0.8253994750255824,0.721490290035942,0.7016460905349794
CAID3 Disorder-PDB,caid3,disorder_pdb,59.0,0.6853645412967447,0.9763020621077513,0.830833301702248,0.7282564693835086,0.7130948612430094
CAID3 Disorder-PDB,caid3,disorder_pdb,60.0,0.6983230203569186,0.9747738201972451,0.8365484202770819,0.7352131845879142,0.7258626147515036
CAID3 Disorder-PDB,caid3,disorder_pdb,61.0,0.7069769527396647,0.97349009699242,0.8402335248660423,0.7394049715896721,0.7344096232985122
CAID3 Disorder-PDB,caid3,disorder_pdb,62.0,0.7166173437359878,0.9721656206699812,0.8443914822029845,0.7442977246664267,0.7438007808378179
CAID3 Disorder-PDB,caid3,disorder_pdb,63.0,0.7259438615370819,0.9703724834949874,0.8481581725160346,0.7481522120164164,0.7527171045689565
CAID3 Disorder-PDB,caid3,disorder_pdb,64.0,0.7341494036409291,0.9687423587904475,0.8514458812156882,0.751492011518321,0.7606837606837606
CAID3 Disorder-PDB,caid3,disorder_pdb,65.0,0.7418168774100977,0.9671937403211346,0.8545053088656162,0.7546043472610946,0.7684393795504907
CAID3 Disorder-PDB,caid3,disorder_pdb,66.0,0.7505604878486234,0.9651357078816529,0.8578480978651382,0.7576947295573384,0.7766170729133692
CAID3 Disorder-PDB,caid3,disorder_pdb,67.0,0.7578244103667833,0.9629554160893309,0.860389913228057,0.7595064765943259,0.7835813020998206
CAID3 Disorder-PDB,caid3,disorder_pdb,68.0,0.765447045108062,0.9611826554731437,0.863314850290603,0.7623306177286067,0.7910731244064577
CAID3 Disorder-PDB,caid3,disorder_pdb,69.0,0.7731145188772307,0.9583706903578124,0.8657426046175216,0.763506128917948,0.7984594280890577
CAID3 Disorder-PDB,caid3,disorder_pdb,70.0,0.7803784413953906,0.9559458798598093,0.8681621606276,0.7650845418427414,0.8055291758995463
CAID3 Disorder-PDB,caid3,disorder_pdb,71.0,0.7854900905748363,0.9536025755970332,0.8695463330859348,0.7651988809461634,0.810488551229292
CAID3 Disorder-PDB,caid3,disorder_pdb,72.0,0.7930678862882252,0.9506887276876681,0.8718783069879467,0.7663511128834654,0.8169251872955576
CAID3 Disorder-PDB,caid3,disorder_pdb,73.0,0.7994798672764775,0.9471024533376803,0.8732911603070789,0.765617592788073,0.8229925081776933
CAID3 Disorder-PDB,caid3,disorder_pdb,74.0,0.8048605506232624,0.94371994457576,0.8742902475995112,0.7644967853893032,0.8280574021314762
CAID3 Disorder-PDB,caid3,disorder_pdb,75.0,0.8115864048067438,0.9401744233433857,0.8758804140750648,0.7642568908249133,0.8339136857655376
CAID3 Disorder-PDB,caid3,disorder_pdb,76.0,0.8178190296834364,0.9355489444942539,0.8766839870888452,0.7620890343200529,0.839400654215469
CAID3 Disorder-PDB,caid3,disorder_pdb,77.0,0.8249932741458165,0.9296804955579102,0.8773368848518633,0.758952548972897,0.8461010868418276
CAID3 Disorder-PDB,caid3,disorder_pdb,78.0,0.8312258990225092,0.925156899502812,0.8781913992626607,0.7572289638193114,0.8520101297879076
CAID3 Disorder-PDB,caid3,disorder_pdb,79.0,0.8385794995964487,0.9194922161545358,0.8790358578754922,0.7548801253484951,0.8588688403503218
CAID3 Disorder-PDB,caid3,disorder_pdb,80.0,0.8470540758676351,0.9123807971309805,0.8797174364993079,0.7515750217141003,0.8665189405930147
CAID3 Disorder-PDB,caid3,disorder_pdb,81.0,0.8535108958837773,0.9057584155187872,0.8796346557012822,0.7475734081322012,0.872269705603039
CAID3 Disorder-PDB,caid3,disorder_pdb,82.0,0.8615819209039548,0.8959165376151276,0.8787492292595411,0.7407587314001589,0.8796560092856389
CAID3 Disorder-PDB,caid3,disorder_pdb,83.0,0.8696977849520222,0.8859116472410139,0.8778047160965181,0.7341720843717991,0.8868312757201646
CAID3 Disorder-PDB,caid3,disorder_pdb,84.0,0.8778136490000896,0.8757844975140598,0.8767990732570747,0.7278236093113848,0.8939010235306531
CAID3 Disorder-PDB,caid3,disorder_pdb,85.0,0.8875885570800826,0.8609503627027467,0.8742694598914147,0.7174387255898088,0.9025007913896803
CAID3 Disorder-PDB,caid3,disorder_pdb,86.0,0.8976324993274146,0.845688320156492,0.8716604097419534,0.7074952926489535,0.9107840033765959
CAID3 Disorder-PDB,caid3,disorder_pdb,87.0,0.9055241682360327,0.8292648137582526,0.8673944909971426,0.6950906109933382,0.9176427139390102
CAID3 Disorder-PDB,caid3,disorder_pdb,88.0,0.9136848713119899,0.808867878392697,0.8612763748523435,0.6792430680945118,0.9252400548696845
CAID3 Disorder-PDB,caid3,disorder_pdb,89.0,0.9228320330015245,0.7853329529709022,0.8540824929862134,0.6619137166834478,0.9338925820407302
CAID3 Disorder-PDB,caid3,disorder_pdb,90.0,0.9336830777508743,0.7522414214687424,0.8429622496098084,0.6376778242616973,0.9430199430199431
CAID3 Disorder-PDB,caid3,disorder_pdb,91.0,0.9425163662451798,0.7181106854674383,0.830313525856309,0.6125581995473395,0.9508810805107102
CAID3 Disorder-PDB,caid3,disorder_pdb,92.0,0.9508564254326967,0.6806585703806342,0.8157574979066654,0.5857292668881595,0.9578453096971615
CAID3 Disorder-PDB,caid3,disorder_pdb,93.0,0.9593310017038831,0.6283519439237102,0.7938414728137966,0.5481315427567783,0.9651260947557244
CAID3 Disorder-PDB,caid3,disorder_pdb,94.0,0.9657878217200251,0.5779403374358139,0.7718640795779195,0.5127719401698874,0.9709296190777672
CAID3 Disorder-PDB,caid3,disorder_pdb,95.0,0.9732759393776343,0.5034436384383405,0.7383597889079874,0.4619030104286414,0.9773134958320143
CAID3 Disorder-PDB,caid3,disorder_pdb,96.0,0.9794637252264371,0.43067894693944087,0.705071336082939,0.4138376495214028,0.9828532235939643
CAID3 Disorder-PDB,caid3,disorder_pdb,97.0,0.9865482916330374,0.34026815551389683,0.6634082235734671,0.35561747472843525,0.9892371003482114
CAID3 Disorder-PDB,caid3,disorder_pdb,98.0,0.9951125459600035,0.222430515934469,0.6087715309472362,0.27900564554836466,0.9966234040308114
CAID3 Disorder-PDB,caid3,disorder_pdb,99.0,1.0,0.0014467356752791588,0.5007233678376396,0.02127161277268364,1.0
CAID3 Disorder-NOX,caid3,disorder_nox,5.0,0.0,1.0,0.5,,0.0
CAID3 Disorder-NOX,caid3,disorder_nox,6.0,0.0,1.0,0.5,,0.0
CAID3 Disorder-NOX,caid3,disorder_nox,7.0,0.0,1.0,0.5,,0.0
CAID3 Disorder-NOX,caid3,disorder_nox,8.0,0.0,1.0,0.5,,0.0
CAID3 Disorder-NOX,caid3,disorder_nox,9.0,0.0,1.0,0.5,,0.0
CAID3 Disorder-NOX,caid3,disorder_nox,10.0,0.0,1.0,0.5,,0.0
CAID3 Disorder-NOX,caid3,disorder_nox,11.0,0.0,1.0,0.5,,0.0
CAID3 Disorder-NOX,caid3,disorder_nox,12.0,0.0,1.0,0.5,,0.0
CAID3 Disorder-NOX,caid3,disorder_nox,13.0,0.0,1.0,0.5,,0.0
CAID3 Disorder-NOX,caid3,disorder_nox,14.0,0.0,1.0,0.5,,0.0
CAID3 Disorder-NOX,caid3,disorder_nox,15.0,0.0,1.0,0.5,,0.0
CAID3 Disorder-NOX,caid3,disorder_nox,16.0,0.0,1.0,0.5,,0.0
CAID3 Disorder-NOX,caid3,disorder_nox,17.0,0.0,0.9999755781864361,0.49998778909321806,-0.0027240834465025927,0.0
CAID3 Disorder-NOX,caid3,disorder_nox,18.0,0.0,0.9999023127457445,0.49995115637287224,-0.005448305839636672,0.0
CAID3 Disorder-NOX,caid3,disorder_nox,19.0,5.595344673231871e-05,0.9994871419151586,0.4997715476809455,-0.010867615501057814,6.0598715307235486e-05
CAID3 Disorder-NOX,caid3,disorder_nox,20.0,0.0006714413607878246,0.999218501965956,0.4999449716633719,-0.001851362002546441,0.0007271845836868258
CAID3 Disorder-NOX,caid3,disorder_nox,21.0,0.0018464637421665175,0.9990719710845727,0.5004592174133696,0.012165227873129805,0.001999757605138771
CAID3 Disorder-NOX,caid3,disorder_nox,22.0,0.0038607878245299912,0.998827752948934,0.501344270386732,0.02775203722900728,0.004181311356199249
CAID3 Disorder-NOX,caid3,disorder_nox,23.0,0.006490599820948971,0.9984858475590397,0.5024882236899944,0.04166835479566645,0.007029450975639316
CAID3 Disorder-NOX,caid3,disorder_nox,24.0,0.0104632945389436,0.9978997240335067,0.5041815092862252,0.05658883402300706,0.011331959762453036
CAID3 Disorder-NOX,caid3,disorder_nox,25.0,0.015946732318710834,0.9967518987960046,0.5063493155573577,0.06952744127194994,0.017270633862562113
CAID3 Disorder-NOX,caid3,disorder_nox,26.0,0.02478737690241719,0.9946272010159475,0.5097072889591824,0.08458075299582873,0.026663434735183615
CAID3 Disorder-NOX,caid3,disorder_nox,27.0,0.034970904207699195,0.991769848828974,0.5133703765183366,0.09696293745003269,0.037571203490486
CAID3 Disorder-NOX,caid3,disorder_nox,28.0,0.048455684870188004,0.9877890932180624,0.5181223890441252,0.11067801513817133,0.05193309901830081
CAID3 Disorder-NOX,caid3,disorder_nox,29.0,0.06238809310653536,0.9834175885901287,0.522902840848332,0.12251044197561953,0.06665858683795904
CAID3 Disorder-NOX,caid3,disorder_nox,30.0,0.08130035810205909,0.9783134295552788,0.529806893828669,0.14025035753001844,0.08653496545873228
CAID3 Disorder-NOX,caid3,disorder_nox,31.0,0.10401745747538048,0.9724277724863848,0.5382226149808826,0.16011057369961193,0.11053205672039752
CAID3 Disorder-NOX,caid3,disorder_nox,32.0,0.13165846016114593,0.9648570102815835,0.5482577352213648,0.18074757177205636,0.1398618349290995
CAID3 Disorder-NOX,caid3,disorder_nox,33.0,0.1584601611459266,0.9585561823821037,0.5585081717640151,0.2018752438707772,0.16828263240819294
CAID3 Disorder-NOX,caid3,disorder_nox,34.0,0.18548567591763654,0.9514250128214521,0.5684553443695444,0.21983429994607603,0.19694582474851532
CAID3 Disorder-NOX,caid3,disorder_nox,35.0,0.21128021486123547,0.9442938432608006,0.577787029061018,0.23542110339177405,0.22409404920615683
CAID3 Disorder-NOX,caid3,disorder_nox,36.0,0.2401521933751119,0.936771924683127,0.5884620590291194,0.2531723492612406,0.25390861713731666
CAID3 Disorder-NOX,caid3,disorder_nox,37.0,0.26751342882721574,0.9294698024275283,0.5984916156273721,0.26905105010141056,0.28220821718579564
CAID3 Disorder-NOX,caid3,disorder_nox,38.0,0.29884735899731424,0.9201650914596918,0.6095062252285031,0.2849535454519012,0.3146891285904739
CAID3 Disorder-NOX,caid3,disorder_nox,39.0,0.32794315129811996,0.9113976603902606,0.6196704058441903,0.29925995108936276,0.34468549266755544
CAID3 Disorder-NOX,caid3,disorder_nox,40.0,0.35631154879140553,0.904071116321098,0.6301913325562518,0.31513859982819553,0.37389407344564296
CAID3 Disorder-NOX,caid3,disorder_nox,41.0,0.3812667860340197,0.8967689940654993,0.6390178900497595,0.3274764867311556,0.4001333171736759
CAID3 Disorder-NOX,caid3,disorder_nox,42.0,0.40896374216651743,0.8888319046572398,0.6488978234118786,0.34135048038820776,0.428190522360926
CAID3 Disorder-NOX,caid3,disorder_nox,43.0,0.4343666069829902,0.8809436588761081,0.6576551329295491,0.3530733115291792,0.45382377893588655
CAID3 Disorder-NOX,caid3,disorder_nox,44.0,0.4601611459265891,0.8724204459423157,0.6662907959344524,0.3642317528665885,0.48042661495576294
CAID3 Disorder-NOX,caid3,disorder_nox,45.0,0.48466875559534467,0.8644345129069285,0.6745516342511366,0.37506973276146055,0.5050902920858078
CAID3 Disorder-NOX,caid3,disorder_nox,46.0,0.5086168307967771,0.8580115759396293,0.6833142033682031,0.3876732803782202,0.5293903769240093
CAID3 Disorder-NOX,caid3,disorder_nox,47.0,0.526857654431513,0.8522724497521186,0.6895650520918157,0.39609224864939135,0.5472669979396437
CAID3 Disorder-NOX,caid3,disorder_nox,48.0,0.5475044762757386,0.8465577453781717,0.6970311108269551,0.4067320289351992,0.5681129560053327
CAID3 Disorder-NOX,caid3,disorder_nox,49.0,0.5683751119068935,0.8408918846313527,0.7046334982691231,0.41765654353558535,0.5890801115016362
CAID3 Disorder-NOX,caid3,disorder_nox,50.0,0.5880147717099373,0.8352992893252252,0.7116570305175813,0.42762086611474354,0.6078051145315719
CAID3 Disorder-NOX,caid3,disorder_nox,51.0,0.6085496866606983,0.8295113195105869,0.7190305030856425,0.43816470616728925,0.628408677736032
CAID3 Disorder-NOX,caid3,disorder_nox,52.0,0.624832139659803,0.8247246440520674,0.7247783918559352,0.4463152516980931,0.6444067385771421
CAID3 Disorder-NOX,caid3,disorder_nox,53.0,0.6413384064458371,0.8198402813392922,0.7305893438925646,0.4545864991998008,0.6606471942794813
CAID3 Disorder-NOX,caid3,disorder_nox,54.0,0.658012533572068,0.8148826531858255,0.7364475933789467,0.46296825077677844,0.6768876499818204
CAID3 Disorder-NOX,caid3,disorder_nox,55.0,0.6724485228290062,0.8111949593376804,0.7418217410833433,0.47100845264296615,0.6904617622106412
CAID3 Disorder-NOX,caid3,disorder_nox,56.0,0.6864928379588182,0.8064327056927247,0.7464627718257715,0.47745054483474947,0.7039146770088475
CAID3 Disorder-NOX,caid3,disorder_nox,57.0,0.701712175470009,0.80186582655628,0.7517890010131445,0.48520989934055075,0.719246151981578
CAID3 Disorder-NOX,caid3,disorder_nox,58.0,0.713294538943599,0.7984711944709014,0.7558828667072501,0.4912518030740838,0.7299721245909587
CAID3 Disorder-NOX,caid3,disorder_nox,59.0,0.7256602506714414,0.7949544533177034,0.7603073519945724,0.4978671827715336,0.7415464792146407
CAID3 Disorder-NOX,caid3,disorder_nox,60.0,0.7383616830796778,0.7911690722153027,0.7647653776474903,0.5045057562827067,0.7542116107138529
CAID3 Disorder-NOX,caid3,disorder_nox,61.0,0.7472582811101164,0.788165189146946,0.7677117351285312,0.5087831751632953,0.7626348321415586
CAID3 Disorder-NOX,caid3,disorder_nox,62.0,0.7565465532676813,0.7841844335360344,0.7703654934018578,0.5123280286464226,0.7716640407223367
CAID3 Disorder-NOX,caid3,disorder_nox,63.0,0.7649955237242614,0.7803990524336337,0.7726972880789476,0.5154137177059636,0.7802084595806569
CAID3 Disorder-NOX,caid3,disorder_nox,64.0,0.7730528200537153,0.777199794856766,0.7751263074552407,0.5188553262922855,0.7880256938552903
CAID3 Disorder-NOX,caid3,disorder_nox,65.0,0.7802708146821844,0.7744645517376121,0.7773676832098982,0.5221123981477187,0.7954793358380803
CAID3 Disorder-NOX,caid3,disorder_nox,66.0,0.7883840644583706,0.7709233887708501,0.7796537266146104,0.5252948195577123,0.803417767543328
CAID3 Disorder-NOX,caid3,disorder_nox,67.0,0.7952103849597135,0.7672112731091411,0.7812108290344273,0.5272102884580407,0.8100230275118168
CAID3 Disorder-NOX,caid3,disorder_nox,68.0,0.802652193375112,0.7641097027865289,0.7833809480808205,0.5303630481118302,0.8173554720639923
CAID3 Disorder-NOX,caid3,disorder_nox,69.0,0.809702327663384,0.7599579944806701,0.7848301610720271,0.5320854136090926,0.8242637256090171
CAID3 Disorder-NOX,caid3,disorder_nox,70.0,0.8169203222918532,0.7560016606833223,0.7864609914875877,0.5342127535841751,0.8314749727305781
CAID3 Disorder-NOX,caid3,disorder_nox,71.0,0.8218442256042973,0.7522651232080494,0.7870546744061733,0.5346012569974207,0.8362622712398498
CAID3 Disorder-NOX,caid3,disorder_nox,72.0,0.8283907788719785,0.7477226658851687,0.7880567223785736,0.5356170071596632,0.8423221427705733
CAID3 Disorder-NOX,caid3,disorder_nox,73.0,0.834265890778872,0.7426429286638826,0.7884544097213773,0.5355417850563222,0.848200218155375
CAID3 Disorder-NOX,caid3,disorder_nox,74.0,0.8390778871978514,0.7381737367816934,0.7886258119897724,0.5352115979020118,0.852805720518725
CAID3 Disorder-NOX,caid3,disorder_nox,75.0,0.8443375111906893,0.733167265001099,0.7887523880958942,0.534781233414667,0.85795661131984
CAID3 Disorder-NOX,caid3,disorder_nox,76.0,0.8499328558639212,0.7272816079322051,0.7886072318980631,0.5338253607369046,0.8629863046903405
CAID3 Disorder-NOX,caid3,disorder_nox,77.0,0.8565913160250671,0.7207609837106503,0.7886761498678587,0.5332653404017321,0.8694703672282148
CAID3 Disorder-NOX,caid3,disorder_nox,78.0,0.8619068934646374,0.7147776393875009,0.7883422664260692,0.5321222845526393,0.8746212580293298
CAID3 Disorder-NOX,caid3,disorder_nox,79.0,0.8686213070725156,0.7076464698268493,0.7881338884496825,0.5311980698703199,0.8810447218518968
CAID3 Disorder-NOX,caid3,disorder_nox,80.0,0.8757273948075202,0.698708086062471,0.7872177404349956,0.5290042252044133,0.8876499818203855
CAID3 Disorder-NOX,caid3,disorder_nox,81.0,0.8816025067144136,0.6903069821964979,0.7859547444554558,0.5263502768413976,0.8933462610592655
CAID3 Disorder-NOX,caid3,disorder_nox,82.0,0.8889324082363473,0.6790729479571153,0.7840026780967313,0.5225152320091483,0.9000727184583687
CAID3 Disorder-NOX,caid3,disorder_nox,83.0,0.8955908683974932,0.6669841502429971,0.7812875093202452,0.5174924240381175,0.9062537874197067
CAID3 Disorder-NOX,caid3,disorder_nox,84.0,0.9025290957923008,0.6555058978679756,0.7790174968301382,0.513502997394274,0.9126772512422736
CAID3 Disorder-NOX,caid3,disorder_nox,85.0,0.9114816472694718,0.6398026717464039,0.7756421595079379,0.5078708427321748,0.9210398739546721
CAID3 Disorder-NOX,caid3,disorder_nox,86.0,0.9202663384064458,0.6230737294551494,0.7716700339307976,0.501557481366458,0.9286753120833838
CAID3 Disorder-NOX,caid3,disorder_nox,87.0,0.9275962399283796,0.6058075072654895,0.7667018735969345,0.49377991422074696,0.9354623681977942
CAID3 Disorder-NOX,caid3,disorder_nox,88.0,0.9353178155774395,0.5856106674481647,0.7604642415128021,0.4843111327492347,0.9426736153193552
CAID3 Disorder-NOX,caid3,disorder_nox,89.0,0.9439346463742166,0.5621413046132806,0.7530379754937486,0.47352557319638156,0.9510362380317537
CAID3 Disorder-NOX,caid3,disorder_nox,90.0,0.9528312444046553,0.5309058050650841,0.7418685247348697,0.4574563431132995,0.9595806568900739
CAID3 Disorder-NOX,caid3,disorder_nox,91.0,0.9611123545210385,0.49854690209294944,0.7298296283069939,0.4407289069206724,0.9669737001575567
CAID3 Disorder-NOX,caid3,disorder_nox,92.0,0.9681624888093107,0.46508901751044035,0.7166257531598755,0.4226583190792328,0.9732153678342019
CAID3 Disorder-NOX,caid3,disorder_nox,93.0,0.9751007162041182,0.41954233521381296,0.6973215257089656,0.3962119654553703,0.9792146406496183
CAID3 Disorder-NOX,caid3,disorder_nox,94.0,0.9803043867502238,0.37853811024006645,0.6794212484951452,0.3719563217927332,0.9836383468670464
CAID3 Disorder-NOX,caid3,disorder_nox,95.0,0.9853401969561325,0.3185581361271888,0.6519491665416607,0.33406767071388166,0.9878802569385529
CAID3 Disorder-NOX,caid3,disorder_nox,96.0,0.9891450313339302,0.262534495811659,0.6258397635727946,0.2974425363670335,0.9911525875651436
CAID3 Disorder-NOX,caid3,disorder_nox,97.0,0.9929498657117278,0.1959850538500989,0.5944674597809134,0.25149973261686853,0.9942431220458127
CAID3 Disorder-NOX,caid3,disorder_nox,98.0,0.9977618621307073,0.11524653820792732,0.5565042001693173,0.19059542707483446,0.9983032359713974
CAID3 Disorder-NOX,caid3,disorder_nox,99.0,1.0,0.0004884362712775051,0.5002442181356388,0.01218443965647166,1.0
